window_size,mse,mae
10,1.0561778545379639,0.8205372095108032
20,1.077453374862671,0.8310970664024353
30,1.0289889574050903,0.8093155026435852
