window_size,mse,mae
10,1.051734209060669,0.8203108310699463
20,1.0489004850387573,0.8207646608352661
30,1.0161746740341187,0.8021410703659058
