window_size,mse,mae
10,1.05971097946167,0.8317719101905823
20,1.0674891471862793,0.8395661115646362
30,1.0154184103012085,0.8117914795875549
