window_size,mse,mae
10,1.0300754308700562,0.815030038356781
20,1.0619920492172241,0.8290322422981262
30,1.0225728750228882,0.8129338026046753
