window_size,mse,mae
10,1.0485262870788574,0.8146410584449768
20,1.0295220613479614,0.8122636675834656
30,0.9720274806022644,0.7895098328590393
